id,email,gender,ip_address,city,country,size,weight
1,cdevey0@e-recht24.de,Female,113.157.3.149,Shilong,China,3XL,95
2,rjosefovic1@odnoklassniki.ru,Female,46.186.149.59,Oke Iho,Nigeria,2XL,40
3,mgofford2@weather.com,Female,18.238.189.109,Weibin,China,XL,110
4,mimpson3@ifeng.com,Male,19.61.10.77,Casal Galego,Portugal,M,114
5,tdarnody4@wunderground.com,Polygender,194.114.48.196,Enskede,Sweden,XS,69
6,cyaxley5@sakura.ne.jp,Male,169.244.140.251,Buutuo,Liberia,S,41
7,sbulger6@ucla.edu,Male,132.137.94.214,Tapiramutá,Brazil,L,112
8,bpyzer7@about.com,Female,154.221.100.162,Melun,France,2XL,106
9,rcawkwell8@4shared.com,Female,226.155.78.118,Bitanjuan,Philippines,S,90
10,clavies9@biblegateway.com,Genderfluid,67.254.17.35,Marseille,France,2XL,119
11,mghenta@cafepress.com,Female,177.234.203.34,Birsa,Indonesia,S,51
12,cleadstonb@dropbox.com,Female,21.174.243.168,Qingfenglin,China,XS,40
13,mwholesworthc@ucoz.ru,Genderfluid,80.244.239.144,Melaka,Malaysia,L,84
14,koggerd@booking.com,Female,91.174.25.90,Al Manşūrah,Egypt,S,73
15,banthonae@hhs.gov,Male,213.167.162.248,Desē,Ethiopia,2XL,63
16,rbatonf@buzzfeed.com,Bigender,42.41.187.98,Aguitu,China,XL,50
17,cvasnetsovg@4shared.com,Female,226.137.33.172,Korsakovo,Russia,S,76
18,cshitliffh@google.ru,Male,194.239.202.202,Castlebridge,Ireland,S,44
19,agodthaabi@geocities.jp,Female,222.112.223.74,Langob,Philippines,XL,80
20,gloughheadj@com.com,Female,191.151.50.99,Ganta,Liberia,S,94
21,aharfordk@ehow.com,Male,76.170.253.253,Quibdó,Colombia,XS,83
22,ftemblettl@alibaba.com,Male,110.170.75.136,Halat,Indonesia,3XL,75
23,rpoonem@rediff.com,Female,236.62.255.148,Oni,Indonesia,3XL,70
24,eslatern@quantcast.com,Male,241.99.89.182,Manorhamilton,Ireland,XS,54
25,rickowicso@taobao.com,Female,126.57.232.177,Baru Timur,Indonesia,S,112
26,bworsallsp@hatena.ne.jp,Male,171.125.59.233,Al Jafr,Saudi Arabia,XL,93
27,bkiplingq@slashdot.org,Male,128.243.45.170,Hernando,Argentina,XL,62
28,enormanvellr@apache.org,Male,210.79.3.89,Katumba,Tanzania,L,61
29,phugonnets@sogou.com,Male,224.97.27.225,Nova Viçosa,Brazil,3XL,107
30,omcilvorayt@mit.edu,Female,176.79.228.174,Naushki,Russia,L,49
31,gduttonu@skyrock.com,Male,61.137.199.149,Pingshan,China,XS,119
32,rshellidayv@about.me,Female,196.18.195.168,Halayhayin,Philippines,2XL,77
33,ksnoxellw@tmall.com,Female,17.83.159.142,Subottsi,Ukraine,S,63
34,dmurneyx@parallels.com,Female,23.40.41.78,Quime,Bolivia,L,41
35,agatesy@ed.gov,Male,112.27.35.40,Makariv,Ukraine,XL,113
36,fbeverstockz@squarespace.com,Male,127.83.227.26,Jinli,China,L,54
37,lbruyns10@ibm.com,Male,85.19.138.2,Siding,Indonesia,S,115
38,rhowood11@guardian.co.uk,Female,31.3.60.76,Maopingchang,China,XS,120
39,fmccue12@istockphoto.com,Female,6.70.11.108,Miami,United States,XS,116
40,acallis13@usatoday.com,Female,12.3.247.185,Fushui,China,XL,55
41,gindruch14@behance.net,Female,30.127.18.141,Kotuń,Poland,L,69
42,rhuckle15@ucoz.com,Male,65.111.107.120,Uttar Char Fasson,Bangladesh,3XL,88
43,etuffin16@europa.eu,Female,254.83.200.145,Annino,Russia,XL,84
44,uballoch17@sohu.com,Male,98.63.226.253,Muzi,China,M,52
45,mcottingham18@irs.gov,Male,18.246.246.58,Chenzhouzhai,China,L,40
46,fsnartt19@posterous.com,Male,247.32.53.199,Łapczyca,Poland,L,59
47,cfoulks1a@ucsd.edu,Female,45.179.98.155,Cimanglid,Indonesia,L,50
48,mgilbert1b@wisc.edu,Female,173.136.39.52,Urasqui,Peru,XL,115
49,dborgne1c@mayoclinic.com,Male,149.201.199.143,Lubochnia,Poland,2XL,42
50,mholsey1d@discuz.net,Female,150.38.201.195,Cabudare,Venezuela,3XL,118
51,egallymore1e@discovery.com,Female,209.65.21.12,Dalai,China,3XL,113
52,mbuchanan1f@phpbb.com,Male,214.39.87.6,Baryshivka,Ukraine,L,98
53,ffreschini1g@jigsy.com,Non-binary,104.23.175.213,Aniso,Peru,3XL,51
54,jannets1h@salon.com,Genderfluid,184.65.82.114,Huafeng,China,3XL,42
55,gswadlinge1i@google.ru,Female,72.76.89.40,Lisovi Sorochyntsi,Ukraine,XS,61
56,baustins1j@1und1.de,Male,100.235.136.97,Wińsko,Poland,M,99
57,jlaviste1k@yahoo.co.jp,Female,10.48.217.79,Радовиш,Macedonia,3XL,72
58,csouthall1l@auda.org.au,Male,154.2.80.198,Jatipamor,Indonesia,M,49
59,adacre1m@ucsd.edu,Male,8.86.114.24,Dongjie,China,M,68
60,gstillert1n@yellowbook.com,Female,67.105.171.244,Fenggao,China,3XL,81
61,cjewes1o@independent.co.uk,Female,236.9.4.59,Nerekhta,Russia,2XL,52
62,terie1p@tamu.edu,Male,208.36.85.42,Huangjin,China,M,50
63,bdobney1q@ning.com,Female,176.141.99.249,Qīr Moāv,Jordan,XS,51
64,ndominik1r@nasa.gov,Female,151.2.69.29,Lazaro Cardenas,Mexico,XS,62
65,dmenpes1s@geocities.com,Male,128.26.201.10,Pyzdry,Poland,XS,49
66,hjewers1t@mail.ru,Male,34.180.10.251,Kista,Sweden,L,82
67,pgilroy1u@chicagotribune.com,Polygender,241.17.202.34,Cruzeiro,Portugal,XL,63
68,eferronet1v@auda.org.au,Female,143.93.89.64,Odienné,Ivory Coast,2XL,110
69,jmackett1w@un.org,Female,239.87.33.132,Graikochóri,Greece,2XL,52
70,lkiddle1x@skype.com,Male,246.97.9.251,Talangbetutu,Indonesia,XL,94
71,swatkins1y@squarespace.com,Female,199.151.182.111,Hamm,Germany,XS,100
72,aboshers1z@goodreads.com,Female,155.151.76.62,Newmarket on Fergus,Ireland,M,110
73,adornan20@msn.com,Female,51.45.121.81,Chelopech,Bulgaria,XL,69
74,ahulles21@ebay.com,Female,9.235.182.109,Williston,South Africa,XL,105
75,cjeays22@edublogs.org,Male,156.10.201.84,Pajagan,Indonesia,S,45
76,jswann23@com.com,Female,22.61.2.131,Tamel,Portugal,S,65
77,flegh24@merriam-webster.com,Non-binary,48.157.7.35,Suka Makmue,Indonesia,3XL,105
78,jcholerton25@wufoo.com,Female,167.230.0.36,Níkaia,Greece,S,77
79,trogan26@ted.com,Male,48.173.3.36,Kotovo,Russia,3XL,74
80,lclemendet27@facebook.com,Bigender,142.103.68.3,Amiens,France,3XL,66
81,swatman28@webs.com,Female,135.152.245.135,Sabang,Philippines,2XL,82
82,apadly29@wikimedia.org,Male,187.1.170.140,Meijiang,China,S,120
83,tsergent2a@nsw.gov.au,Female,95.93.237.212,Tulihe,China,2XL,116
84,lmoraleda2b@unicef.org,Female,1.190.158.186,Witzenhausen,Germany,2XL,80
85,hsango2c@1und1.de,Genderqueer,139.71.167.37,Chaínça,Portugal,S,61
86,ihaywood2d@eepurl.com,Female,85.244.37.236,Las Carreras,Bolivia,2XL,116
87,amartini2e@google.fr,Female,244.116.117.241,Camabatela,Angola,XS,80
88,jsyred2f@cnet.com,Male,146.44.205.118,Bertoua,Cameroon,M,106
89,sambrosetti2g@macromedia.com,Genderfluid,16.77.112.46,Opočno,Czech Republic,M,80
90,varndt2h@cbsnews.com,Male,88.246.71.88,Pondaguitan,Philippines,3XL,41
91,wdelacote2i@army.mil,Genderfluid,93.92.31.208,Sungai,Philippines,3XL,84
92,bschottli2j@netlog.com,Female,96.74.62.222,Curiapo,Venezuela,3XL,41
93,ipigdon2k@t-online.de,Male,36.27.92.113,Qianying,China,XS,60
94,wspinage2l@irs.gov,Female,21.250.182.61,Maonon,Philippines,3XL,86
95,cgrimsdike2m@dot.gov,Male,63.247.117.191,Stockholm,Sweden,XL,65
96,rlampett2n@discuz.net,Male,158.156.242.114,Lons-le-Saunier,France,3XL,97
97,dhamman2o@themeforest.net,Female,101.57.187.84,Aozou,Chad,XL,57
98,sfroschauer2p@imgur.com,Female,179.8.124.90,Gunungtua,Indonesia,M,118
99,vscotland2q@mit.edu,Female,242.31.202.97,Santa Cruz,Brazil,XS,43
100,fhatherley2r@usda.gov,Male,26.125.248.104,Shitong,China,2XL,50
